Scheme,Profile,Avg RTT,95th RTT
vegas,1,91.473,141.059
vegas,2,89.59783333333333,144.49049999999997
cubic,1,81.893,138.04649999999998
cubic,2,84.00016666666667,143.56
bbr,1,93.902,142.898
bbr,2,92.08733333333335,145.8485
